to be,1
to have,2
to do,3
to say,4
to go,5
to get,6
to make,7
to see,8
to know,9
to take,10
to think,11
to come,12
to give,13
to look,14
to use,15
to find,16
to want,17
to tell,18
to put,19
to work,20
to become,21
to mean,22
to leave,23
to seem,24
to need,25
to feel,26
to may,27
to ask,28
to show,29
to try,30
to call,31
to keep,32
to provide,33
to hold,34
to follow,35
to turn,36
to bring,37
to begin,38
to like,39
to write,40
to start,41
to run,42
to set,43
to help,44
to play,45
to move,46
to pay,47
to hear,48
to meet,49
to include,50
to believe,51
to allow,52
to lead,53
to stand,54
to live,55
to happen,56
to carry,57
to talk,58
to sit,59
to appear,60
to continue,61
to let,62
to produce,63
to involve,64
to require,65
to suggest,66
to consider,67
to read,68
to change,69
to offer,70
to lose,71
to add,72
to expect,73
to remember,74
to remain,75
to fall,76
to speak,77
to open,78
to buy,79
to stop,80
to send,81
to decide,82
to win,83
to understand,84
to develop,85
to receive,86
to return,87
to build,88
to spend,89
to describe,90
to agree,91
to increase,92
to learn,93
to reach,94
to lie,95
to walk,96
to die,97
to draw,98
to hope,99
to create,100
to sell,101
to report,102
to pass,103
to accept,104
to cause,105
to watch,106
to break,107
to support,108
to explain,109
to stay,110
to wait,111
to cover,112
to apply,113
to raise,114
to claim,115
to form,116
to base,117
to cut,118
to grow,119
to contain,120
to bear,121
to join,122
to reduce,123
to establish,124
to face,125
to choose,126
to wish,127
to achieve,128
to drive,129
to deal,130
to place,131
to seek,132
to fail,133
to serve,134
to end,135
to occur,136
to kill,137
to act,138
to plan,139
to eat,140
to close,141
to represent,142
to love,143
to rise,144
to prepare,145
to manage,146
to discuss,147
to prove,148
to catch,149
to pick,150
to enjoy,151
to suppose,152
to wear,153
to argue,154
to introduce,155
to enter,156
to arrive,157
to ensure,158
to pull,159
to refer,160
to thank,161
to present,162
to control,163
to affect,164
to point,165
to identify,166
to relate,167
to force,168
to compare,169
to suffer,170
to announce,171
to obtain,172
to indicate,173
to forget,174
to publish,175
to visit,176
to listen,177
to finish,178
to fight,179
to train,180
to maintain,181
to save,182
to design,183
to improve,184
to avoid,185
to wonder,186
to tend,187
to express,188
to determine,189
to exist,190
to share,191
to smile,192
to treat,193
to remove,194
to state,195
to throw,196
to fill,197
to assume,198
to mention,199
to admit,200
to replace,201
to reflect,202
to intend,203
to encourage,204
to miss,205
to drop,206
to fly,207
to reveal,208
to operate,209
to discover,210
to record,211
to refuse,212
to prevent,213
to teach,214
to cost,215
to answer,216
to depend,217
to hit,218
to regard,219
to result,220
to attempt,221
to enable,222
to realise,223
to complete,224
to notice,225
to extend,226
to check,227
to laugh,228
to sound,229
to recognise,230
to fit,231
to push,232
to sign,233
to define,234
to shake,235
to study,236
to examine,237
to mind,238
to drink,239
to gain,240
to arise,241
to attend,242
to associate,243
to hang,244
to perform,245
to marry,246
to protect,247
to adopt,248
to confirm,249
to star,250
to mark,251
to clear,252
to imagine,253
to travel,254
to issue,255
to supply,256
to beat,257
to strike,258
to demand,259
to employ,260
to shoot,261
to test,262
to order,263
to release,264
to emerge,265
to ring,266
to aim,267
to link,268
to collect,269
to lay,270
to reply,271
to press,272
to approach,273
to survive,274
to settle,275
to observe,276
to limit,277
to deny,278
to worry,279
to cross,280
to charge,281
to respond,282
to grant,283
to concentrate,284
to ignore,285
to lift,286
to stick,287
to arrange,288
to sleep,289
to promise,290
to touch,291
to vary,292
to prefer,293
to repeat,294
to commit,295
to measure,296
to insist,297
to warn,298
to award,299
to attack,300
to bind,301
to threaten,302
to launch,303
to cry,304
to experience,305
to concern,306
to attract,307
to appoint,308
to note,309
to date,310
to demonstrate,311
to acquire,312
to propos,313
to impose,314
to market,315
to care,316
to name,317
to sing,318
to own,319
to head,320
to deliver,321
to invite,322
to retain,323
to contribute,324
to spread,325
to account,326
to last,327
to assess,328
to promote,329
to nod,330
to reject,331
to vote,332
to divide,333
to declare,334
to handle,335
to destroy,336
to influence,337
to hide,338
to match,339
to transfer,340
to recognize,341
to recommend,342
to address,343
to realize,344
to select,345
to contact,346
to combine,347
to consist,348
to dress,349
to belong,350
to welcome,351
to undertake,352
to disappear,353
to secure,354
to recall,355
to shout,356
to generate,357
to display,358
to shut,359
to imply,360
to step,361
to fear,362
to succeed,363
to rely,364
to escape,365
to score,366
to organise,367
to direct,368
to conclude,369
to climb,370
to afford,371
to approve,372
to fix,373
to remind,374
to inform,375
to investigate,376
to roll,377
to entitle,378
to illustrate,379
to ride,380
to burn,381
to jump,382
to estimate,383
to conduct,384
to derive,385
to comment,386
to advise,387
to satisfy,388
to focus,389
to exercise,390
to wash,391
to blow,392
to gather,393
to persuade,394
to hand,395
to matter,396
to recover,397
to hurt,398
to lean,399
to slip,400
to accompany,401
to earn,402
to attach,403
to count,404
to appeal,405
to hate,406
to rest,407
to switch,408
to damage,409
to search,410
to steal,411
to surround,412
to explore,413
to question,414
to withdraw,415
to paint,416
to judge,417
to separate,418
to connect,419
to owe,420
to knock,421
to pursue,422
to occupy,423
to house,424
to stretch,425
to view,426
to expand,427
to back,428
to light,429
to challenge,430
to list,431
to suit,432
to elect,433
to tie,434
to exclude,435
to review,436
to appreciate,437
to permit,438
to benefit,439
to engage,440
to abandon,441
to blame,442
to clean,443
to quote,444
to rule,445
to glance,446
to dominate,447
to trust,448
to interpret,449
to land,450
to mix,451
to acknowledge,452
to register,453
to dismiss,454
to complain,455
to shift,456
to analyse,457
to restore,458
to convince,459
to oppose,460
to defend,461
to alter,462
to arrest,463
to bother,464
to accuse,465
to restrict,466
to possess,467
to distinguish,468
to reckon,469
to incorporate,470
to proceed,471
to assist,472
to stress,473
to justify,474
to suspect,475
to construct,476
to trade,477
to wake,478
to implement,479
to print,480
to calculate,481
to guess,482
to cope,483
to constitute,484
to cast,485
to resolve,486
to solve,487
to feed,488
to submit,489
to relax,490
to purchase,491
to specify,492
to monitor,493
to pour,494
to urge,495
to locate,496
to struggle,497
to convert,498
to please,499
to sort,500
to cook,501
to kiss,502
to amount,503
to finance,504
to fund,505
to preserve,506
to lock,507
to pack,508
to invest,509
to dance,510
to predict,511
to retire,512
to feature,513
to kick,514
to smoke,515
to celebrate,516
to swing,517
to fire,518
to compete,519
to decline,520
to bend,521
to pause,522
to resist,523
to qualify,524
to breathe,525
to borrow,526
to overcome,527
to guarantee,528
to organize,529
to figure,530
to race,531
to expose,532
to resign,533
to store,534
to comprise,535
to detect,536
to rush,537
to sink,538
to differ,539
to drag,540
to car,541
to negotiate,542
to sweep,543
to dry,544
to whisper,545
to assure,546
to deserve,547
to split,548
to slide,549
to behave,550
to guide,551
to practise,552
to flow,553
to enhance,554
to waste,555
to mount,556
to advance,557
to favour,558
to phone,559
to shape,560
to tackle,561
to bury,562
to outline,563
to lend,564
to manufacture,565
to impress,566
to emphasise,567
to interview,568
to lower,569
to tear,570
to bite,571
to range,572
to capture,573
to sustain,574
to participate,575
to distribute,576
to ban,577
to consult,578
to confuse,579
to dare,580
to cease,581
to exceed,582
to perceive,583
to lack,584
to strengthen,585
to snap,586
to pose,587
to found,588
to dig,589
to grab,590
to transform,591
to upset,592
to pretend,593
to plant,594
to free,595
to project,596
to shrug,597
to delay,598
to dream,599
to highlight,600
to tap,601
to request,602
to confine,603
to scream,604
to rid,605
to sail,606
to adjust,607
to block,608
to adapt,609
to absorb,610
to encounter,611
to defeat,612
to protest,613
to communicate,614
to file,615
to govern,616
to reinforce,617
to injure,618
to swim,619
to disturb,620
to doubt,621
to react,622
to fulfil,623
to frighten,624
to stir,625
to trace,626
to progress,627
to exploit,628
to seize,629
to park,630
to collapse,631
to pray,632
to remark,633
to gaze,634
to burst,635
to relieve,636
to allocate,637
to risk,638
to smell,639
to transport,640
to grin,641
to wave,642
to hurry,643
to murder,644
to sigh,645
to double,646
to instal,647
to suspend,648
to wander,649
to disappoint,650
to wipe,651
to inspire,652
to undergo,653
to balance,654
to ease,655
to convey,656
to reserve,657
to wind,658
to witness,659
to crash,660
to confront,661
to precede,662
to wrap,663
to anticipate,664
to attribute,665
to sense,666
to spot,667
to devote,668
to condemn,669
to integrate,670
to bet,671
to modify,672
to swear,673
to correspond,674
to cite,675
to slow,676
to evaluate,677
to weigh,678
to shine,679
to knit,680
to freeze,681
to eliminate,682
to greet,683
to cancel,684
to oblige,685
to load,686
to murmur,687
to spell,688
to reverse,689
to hesitate,690
to admire,691
to prompt,692
to rub,693
to flee,694
to yield,695
to swallow,696
to interrupt,697
to devise,698
to brush,699
to advertise,700
to respect,701
to aid,702
to process,703
to leap,704
to float,705
to hire,706
to correct,707
to comply,708
to accommodate,709
to mutter,710
to induce,711
to trap,712
to commission,713
to translate,714
to surprise,715
to overlook,716
to stimulate,717
to drift,718
to assert,719
to twist,720
to undermine,721
to enforce,722
to criticise,723
to march,724
to object,725
to render,726
to emphasize,727
to squeeze,728
to breed,729
to forgive,730
to chase,731
to copy,732
to await,733
to evolve,734
to compose,735
to target,736
to label,737
to recruit,738
to echo,739
to command,740
to fish,741
to exchange,742
to debate,743
to educate,744
to initiate,745
to pop,746
to situate,747
to provoke,748
to book,749
to interest,750
to beg,751
to schedule,752
to value,753
to fade,754
to coordinate,755
to import,756
to cater,757
to repair,758
to export,759
to allege,760
to execute,761
to descend,762
to peer,763
to excuse,764
to fold,765
to shop,766
to frown,767
to administer,768
to tip,769
to extract,770
to persist,771
to rescue,772
to equip,773
to hunt,774
to contract,775
to update,776
to assign,777
to spring,778
to interfere,779
to invent,780
to envisage,781
to time,782
to concede,783
to unite,784
to instruct,785
to insert,786
to exhibit,787
to bid,788
to regret,789
to entertain,790
to cling,791
to fetch,792
to strip,793
to plead,794
to abolish,795
to line,796
to boost,797
to intervene,798
to fancy,799
to resemble,800
to colour,801
to edit,802
to sponsor,803
to crack,804
to inherit,805
to resume,806
to conceal,807
to disclose,808
to function,809
to conceive,810
to guard,811
to opt,812
to criticize,813
to couple,814
to tour,815
to drain,816
to decorate,817
to ship,818
to incur,819
to spin,820
to research,821
to speed,822
to scatter,823
to advocate,824
to slam,825
to facilitate,826
to warm,827
to creep,828
to round,829
to regulate,830
to assemble,831
to vanish,832
to will,833
to skill,834
to embrace,835
to complicate,836
to sue,837
to reproduce,838
to contemplate,839
to signal,840
to confess,841
to age,842
to telephone,843
to dump,844
to endorse,845
to smash,846
to heat,847
to centre,848
to explode,849
to classify,850
to tighten,851
to tax,852
to deposit,853
to arm,854
to post,855
to top,856
to service,857
to flood,858
to taste,859
to seal,860
to decrease,861
to reward,862
to thrust,863
to widen,864
to dispose,865
to reassure,866
to model,867
to stuff,868
to flash,869
to shed,870
to discipline,871
to halt,872
to sentence,873
to coincide,874
to tempt,875
to praise,876
to dissolve,877
to grasp,878
to commence,879
to discharge,880
to effect,881
to spoil,882
to pin,883
to draft,884
to formulate,885
to position,886
to exhaust,887
to long,888
to supplement,889
to enquire,890
to neglect,891
to suck,892
to delight,893
to diminish,894
to honour,895
to depict,896
to drown,897
to rate,898
to price,899
to omit,900
to excite,901
to erect,902
to tuck,903
to subject,904
to ruin,905
to transmit,906
to dedicate,907
to mistake,908
to nurse,909
to propose,910
to campaign,911
to originate,912
to inspect,913
to summon,914
to access,915
to amend,916
to clarify,917
to strain,918
to characterise,919
to fling,920
to deprive,921
to stem,922
to abuse,923
to survey,924
to bow,925
to code,926
to plunge,927
to contrast,928
to grip,929
to compensate,930
to seat,931
to pronounce,932
to substitute,933
to weaken,934
to renew,935
to embark,936
to revive,937
to trip,938
to forbid,939
to deem,940
to rebuild,941
to suppress,942
to betray,943
to punish,944
to compile,945
to arouse,946
to cool,947
to tremble,948
to obey,949
to circulate,950
to chat,951
to spill,952
to sum,953
to activate,954
to weep,955
to crush,956
to calm,957
to rain,958
to disagree,959
to merge,960
to stamp,961
to map,962
to stroke,963
to shock,964
to picture,965
to melt,966
to characterize,967
to carve,968
to convict,969
to wound,970
to drug,971
to trail,972
to sack,973
to compel,974
to motivate,975
to coach,976
to depart,977
to manipulate,978
to consume,979
to stag,980
to clutch,981
to underline,982
to penetrate,983
to grind,984
to supervise,985
to package,986
to bless,987
to joke,988
to cheer,989
to toss,990
to alarm,991
to dive,992
to desire,993
to prescribe,994
to heal,995
to host,996
to dictate,997
to rip,998
to regain,999
to bar,1000
to narrow,1001
to chop,1002
to bomb,1003
to trigger,1004
to dislike,1005
to embody,1006
to curl,1007
to cop,1008
to bang,1009
to pump,1010
to fuck,1011
to forecast,1012
to terrify,1013
to dip,1014
to inhibit,1015
to attain,1016
to specialise,1017
to steer,1018
to confer,1019
to portray,1020
to boast,1021
to proclaim,1022
to multiply,1023
to screen,1024
to reform,1025
to curve,1026
to designate,1027
to comfort,1028
to plot,1029
to weave,1030
to scratch,1031
to endure,1032
to stride,1033
to exert,1034
to snatch,1035
to shiver,1036
to prevail,1037
to boil,1038
to yell,1039
to entail,1040
to conform,1041
to postpone,1042
to furnish,1043
to gasp,1044
to enclose,1045
to divorce,1046
to desert,1047
to alert,1048
to surrender,1049
to presume,1050
to quit,1051
to broadcast,1052
to annoy,1053
to divert,1054
to accelerate,1055
to summarise,1056
to lodge,1057
to discourage,1058
to glare,1059
to stumble,1060
to empty,1061
to harm,1062
to repay,1063
to track,1064
to crawl,1065
to tolerate,1066
to counter,1067
to scan,1068
to document,1069
to flick,1070
to amuse,1071
to venture,1072
to term,1073
to haul,1074
to chair,1075
to accumulate,1076
to sample,1077
to exclaim,1078
to fan,1079
to volunteer,1080
to root,1081
to crowd,1082
to rock,1083
to flush,1084
to flourish,1085
to uphold,1086
to differentiate,1087
to screw,1088
to foster,1089
to terminate,1090
to retreat,1091
to apologise,1092
to staff,1093
to stain,1094
to part,1095
to drill,1096
to photograph,1097
to shatter,1098
to frame,1099
to swell,1100
to recycle,1101
to group,1102
to prosecute,1103
to sniff,1104
to credit,1105
to film,1106
to experiment,1107
to stab,1108
to offset,1109
to spare,1110
to soak,1111
to spit,1112
to bowl,1113
to rape,1114
to strive,1115
to pledge,1116
to invade,1117
to shrink,1118
to dispute,1119
to straighten,1120
to restrain,1121
to kneel,1122
to stagger,1123
to polish,1124
to tease,1125
to inflict,1126
to roar,1127
to preach,1128
to offend,1129
to hint,1130
to master,1131
to battle,1132
to dash,1133
to total,1134
to reconcile,1135
to punch,1136
to bounce,1137
to smooth,1138
to accord,1139
to square,1140
to prohibit,1141
to obscure,1142
to rob,1143
to indulge,1144
to distort,1145
to exaggerate,1146
to authorise,1147
to accomplish,1148
to startle,1149
to compound,1150
to soften,1151
to invoke,1152
to uncover,1153
to nominate,1154
to soar,1155
to donate,1156
to disguise,1157
to demolish,1158
to evoke,1159
to jail,1160
to jerk,1161
to sip,1162
to program,1163
to overwhelm,1164
to damn,1165
to slap,1166
to rank,1167
to filter,1168
to equal,1169
to can,1170
to retrieve,1171
to conflict,1172
to combat,1173
to bake,1174
to sacrifice,1175
to probe,1176
to notify,1177
to frustrate,1178
to deploy,1179
to diagnose,1180
to glow,1181
to assault,1182
to resent,1183
to chew,1184
to minimise,1185
to delete,1186
to level,1187
to co-operate,1188
to compromise,1189
to rear,1190
to lick,1191
to constrain,1192
to contend,1193
to congratulate,1194
to blink,1195
to bleed,1196
to upgrade,1197
to illuminate,1198
to bargain,1199
to scar,1200
to anger,1201
to insure,1202
to disrupt,1203
to consolidate,1204
to graduate,1205
to structure,1206
to tumble,1207
to inject,1208
to row,1209
to haunt,1210
to deteriorate,1211
to scramble,1212
to imprison,1213
to overtake,1214
to leak,1215
to swap,1216
to cough,1217
to linger,1218
to trouble,1219
to discount,1220
to blast,1221
to scrape,1222
to deter,1223
to complement,1224
to choke,1225
to wet,1226
to power,1227
to compute,1228
to hook,1229
to plug,1230
to fool,1231
to detain,1232
to discard,1233
to dine,1234
to disperse,1235
to slump,1236
to puzzle,1237
to board,1238
to license,1239
to whip,1240
to crop,1241
to utter,1242
to pile,1243
to ascertain,1244
to crouch,1245
to storm,1246
to groan,1247
to revise,1248
to infect,1249
to denounce,1250
to hug,1251
to fascinate,1252
to tick,1253
to profit,1254
to pat,1255
to cultivate,1256
to awake,1257
to distract,1258
to stroll,1259
to expel,1260
to encompass,1261
to articulate,1262
to prop,1263
to intensify,1264
to contest,1265
to rally,1266
to bump,1267
to tune,1268
to install,1269
to revert,1270
to tread,1271
to defy,1272
to poison,1273
to stake,1274
to hover,1275
to forge,1276
to sway,1277
to handicap,1278
to spray,1279
to moan,1280
to manifest,1281
