#Verb,Root,Sep,Trans
,﻿brechen,n,﻿break
﻿abbrechen,﻿brechen,y,﻿stop
﻿anbrechen,﻿brechen,y,﻿start
﻿aufbrechen,﻿brechen,y,﻿open
﻿ausbrechen,﻿brechen,y,﻿escape
﻿verbrechen,﻿brechen,n,﻿offend
﻿zerbrechen,﻿brechen,n,﻿break
,﻿machen,n,﻿make
,﻿schmeißen,n,﻿throw
﻿untersuchen,﻿suchen,n,﻿investigate
,﻿kaufen,n,﻿buy
,﻿wohnen,n,﻿live
,﻿essen,n,﻿eat
,﻿trinken,n,﻿drink
,﻿gehen,n,﻿walk
,﻿wandeln,n,﻿stroll
,﻿kochen,n,﻿cook
,﻿sprechen,n,﻿speak
﻿ausscheiden,﻿scheiden,y,﻿excrete
﻿abschmieren,﻿schmieren,y,﻿grease
,﻿fliegen,n,﻿fly
﻿verstehen,﻿stehen,n,﻿understand
,﻿hören,n,﻿hear
,﻿lesen,n,﻿read
,﻿haben,n,﻿have
,﻿sitzen,n,﻿sit
,﻿laufen,n,﻿run
﻿verzweifeln,﻿zweifeln,n,﻿despair
,﻿schlagen,n,﻿beat
﻿ausrichten,﻿richten,y,﻿align
,﻿stehen,n,﻿stand
﻿ausreizen,﻿reizen,y,﻿exhaust
,﻿dehnen,n,﻿expand
,﻿sammeln,n,﻿collect
﻿fressen,﻿essen,n,﻿gorge
,﻿schmieren,n,﻿lubricate
﻿vermeinen,﻿meinen,n,﻿suppose
﻿aufhören,﻿hören,y,﻿cease
,﻿packen,n,﻿pack
,﻿reizen,n,﻿tease
,﻿suchen,n,﻿search
,﻿hindern,n,﻿prevent
﻿anstellen,﻿stellen,y,﻿employ
,﻿lassen,n,﻿let
﻿aufstehen,﻿stehen,y,﻿rise
,﻿schlafen,n,﻿sleep
﻿bekommen,﻿kommen,n,﻿get
,﻿lachen,n,﻿laugh
﻿erregen,﻿regen,n,﻿arouse
﻿zunehmen,﻿nehmen,y,﻿increase
﻿abnehmen,﻿nehmen,y,﻿check
,﻿zeichnen,n,﻿draw
,﻿handeln,n,﻿do
,﻿wirken,n,﻿work
,﻿scheißen,n,﻿shit
,﻿schöpfen,n,﻿draw
,﻿spielen,n,﻿play
,﻿fallen,n,﻿fall
,﻿reiten,n,﻿ride
﻿besuchen,﻿suchen,n,﻿visit
,﻿frieren,n,﻿freeze
,﻿leben,n,﻿live
﻿auseinandersetzen,﻿setzen,y,﻿deal
,﻿saugen,n,﻿suck
,﻿dingen,n,﻿hire
,﻿streichen,n,﻿paint
﻿schwätzen,﻿schwatzen,n,﻿babble
﻿übersetzen,﻿setzen,n,﻿translate
﻿abschmirgeln,﻿schmirgeln,y,﻿abrade
,﻿schmirgeln,n,﻿sand
﻿konzedieren,﻿zedieren,n,﻿concede
﻿gebrechen,﻿brechen,n,﻿lack
,﻿sagen,n,﻿say
,﻿kacken,n,﻿shit
,﻿loben,n,﻿praise
,﻿singen,n,﻿sing
,﻿bringen,n,﻿bring
,﻿schimpfen,n,﻿scold
,﻿tragen,n,﻿draw
﻿vorstellen,﻿stellen,y,﻿present
﻿widersprechen,﻿sprechen,n,﻿contradict
﻿evozieren,﻿vozieren,n,﻿evoke
,﻿kennen,n,﻿know
﻿revozieren,﻿vozieren,n,﻿revoke
,﻿wenden,n,﻿address
,﻿tun,n,﻿do
﻿verspüren,﻿spüren,n,﻿feel
,﻿rüsten,n,﻿arm
,﻿rücken,n,﻿move
,﻿pissen,n,﻿piss
,﻿fechten,n,﻿fence
,﻿zwingen,n,﻿force
,﻿messen,n,﻿measure
﻿ankreuzen,﻿kreuzen,y,﻿check
,﻿holen,n,﻿get
,﻿atmen,n,﻿breathe
,﻿schwimmen,n,﻿swim
﻿erkundigen,﻿erkunden,n,﻿inquire
,﻿schlürfen,n,﻿sip
﻿schlurfen,﻿schlürfen,n,﻿shuffle
﻿ankommen,﻿kommen,y,﻿arrive
,﻿regnen,n,﻿rain
,﻿reiben,n,﻿rub
,﻿tauchen,n,﻿dive
,﻿springen,n,﻿jump
,﻿prüfen,n,﻿check
﻿überprüfen,﻿prüfen,n,﻿check
﻿umbrechen,﻿brechen,y,﻿wrap
,﻿kauen,n,﻿chew
,﻿fluchen,n,﻿swear
,﻿merken,n,﻿notice
﻿abbauen,﻿bauen,y,﻿dismantle
﻿abbestellen,﻿bestellen,y,﻿cancel
﻿abbilden,﻿bilden,y,﻿portray
﻿abbinden,﻿binden,y,﻿bond
﻿abblitzen,﻿blitzen,y,﻿rebuff
﻿abbringen,﻿bringen,y,﻿dissuade
﻿abdecken,﻿decken,y,﻿remove
,﻿werben,n,﻿advertise
﻿missachten,﻿achten,n,﻿ignore
,﻿schleichen,n,﻿creep
,﻿teilen,n,﻿divide
,﻿kommen,n,﻿come
,﻿schreien,n,﻿shriek
,﻿prügeln,n,﻿beat
,﻿schauen,n,﻿look
﻿abschauen,﻿schauen,y,﻿peek
,﻿dampfen,n,﻿fume
﻿bestechen,﻿stechen,n,﻿bribe
﻿aussprechen,﻿sprechen,y,﻿pronounce
﻿abdriften,﻿driften,y,﻿drift
﻿abdrucken,﻿drucken,y,﻿print
,﻿speiben,n,﻿vomit
﻿anspeiben,﻿speiben,y,﻿puke
,﻿nehmen,n,﻿take
﻿annehmen,﻿nehmen,y,﻿assume
,﻿tauschen,n,﻿barter
,﻿leihen,n,﻿lend
,﻿öffnen,n,﻿open
,﻿schwärzen,n,﻿blacken
﻿anschwärzen,﻿schwärzen,y,﻿blacken
,﻿schießen,n,﻿shoot
﻿gerinnen,﻿rinnen,n,﻿clot
,﻿wechseln,n,﻿change
﻿erröten,﻿röten,n,﻿blush
﻿verschwinden,﻿schwinden,n,﻿disappear
,﻿rechnen,n,﻿calculate
﻿eindringen,﻿dringen,y,﻿intrude
,﻿ehren,n,﻿honor
﻿hinterlassen,﻿lassen,n,﻿leave
,﻿decken,n,﻿roof
﻿anwenden,﻿wenden,y,﻿apply
,﻿treten,n,﻿step
﻿erholen,﻿holen,n,﻿relax
﻿anmachen,﻿machen,y,﻿dress
﻿gefrieren,﻿frieren,n,﻿freeze
﻿einfrieren,﻿frieren,y,﻿freeze
,﻿fliehen,n,﻿flee
,﻿bauen,n,﻿build
﻿anfangen,﻿fangen,y,﻿begin
,﻿kotzen,n,﻿spew
,﻿rufen,n,﻿shriek
﻿erschleichen,﻿schleichen,n,﻿creep
,﻿fragen,n,﻿ask
﻿erfragen,﻿fragen,n,﻿ask
﻿befragen,﻿fragen,n,﻿ask
,﻿erhalten,n,﻿achieve
,﻿bilden,n,﻿form
,﻿schwinden,n,﻿dwindle
,﻿antworten,n,﻿answer
﻿bestehen,﻿stehen,n,﻿succeed
,﻿stellen,n,﻿place
﻿bedeuten,﻿deuten,n,﻿mean
﻿anhören,﻿hören,y,﻿hear
﻿anzünden,﻿zünden,y,﻿light
﻿ausruhen,﻿ruhen,y,﻿rest
﻿darstellen,﻿stellen,y,﻿represent
﻿entstehen,﻿stehen,n,﻿arise
,﻿zeigen,n,﻿teach
,﻿dienen,n,﻿serve
,﻿bleiben,n,﻿stay
﻿besitzen,﻿sitzen,n,﻿possess
,﻿dürfen,n,﻿may
﻿unterscheiden,﻿scheiden,n,﻿distinguish
﻿erkennen,﻿kennen,n,﻿recognize
,﻿zählen,n,﻿count
﻿gebrauchen,﻿brauchen,n,﻿use
,﻿brauchen,n,﻿need
﻿entsprechen,﻿sprechen,n,﻿accord
﻿bezeichnen,﻿zeichnen,n,﻿denote
﻿erscheinen,﻿scheinen,n,﻿appear
﻿verwenden,﻿wenden,n,﻿use
﻿verlassen,﻿lassen,n,﻿leave
﻿verhindern,﻿hindern,n,﻿prevent
﻿entwickeln,﻿wickeln,n,﻿develop
,﻿setzen,n,﻿set
﻿setzen,﻿sitzen,n,﻿set
,﻿nutzen,n,﻿use
﻿erfolgen,﻿folgen,n,﻿happen
﻿versuchen,﻿suchen,n,﻿try
﻿aufkommen,﻿kommen,y,﻿arise
,﻿binden,n,﻿tie
,﻿folgen,n,﻿follow
,﻿nennen,n,﻿name
﻿auftreten,﻿treten,y,﻿act
,﻿werfen,n,﻿throw
﻿beschließen,﻿schließen,n,﻿decide
,﻿pflegen,n,﻿tend
﻿aufwerfen,﻿werfen,y,﻿pose
,﻿regen,n,﻿stir
,﻿danken,n,﻿thank
,﻿klagen,n,﻿wail
,﻿fassen,n,﻿grasp
﻿ableiten,﻿leiten,y,﻿divert
,﻿klingen,n,﻿ring
,﻿erkiesen,n,﻿choose
﻿verbergen,﻿bergen,n,﻿hide
,﻿drucken,n,﻿print
﻿benutzen,﻿nutzen,n,﻿use
﻿berühren,﻿rühren,n,﻿touch
,﻿dreschen,n,﻿thresh
,﻿lächeln,n,﻿smile
﻿lächeln,﻿lachen,n,﻿smile
,﻿fließen,n,﻿flow
,﻿beten,n,﻿pray
,﻿heilen,n,﻿heal
,﻿treiben,n,﻿drive
,﻿freuen,n,﻿rejoice
,﻿schätzen,n,﻿estimate
﻿entlassen,﻿lassen,n,﻿dismiss
,﻿heißen,n,﻿call
﻿eintreten,﻿treten,y,﻿enter
﻿versprechen,﻿sprechen,n,﻿promise
﻿besprechen,﻿sprechen,n,﻿discuss
﻿versagen,﻿sagen,n,﻿fail
,﻿siegen,n,﻿win
﻿anfassen,﻿fassen,y,﻿touch
﻿anspielen,﻿spielen,y,﻿allude
﻿einstellen,﻿stellen,y,﻿employ
,﻿heben,n,﻿lift
﻿abnutzen,﻿nutzen,y,﻿abrade
﻿auslösen,﻿lösen,y,﻿induce
﻿zusammenfassen,﻿fassen,y,﻿summarize
﻿unterschätzen,﻿schätzen,n,﻿underestimate
﻿überschätzen,﻿schätzen,n,﻿overestimate
﻿verkaufen,﻿kaufen,n,﻿sell
﻿vertauschen,﻿tauschen,n,﻿exchange
,﻿leiden,n,﻿suffer
﻿bedürfen,﻿dürfen,n,﻿need
,﻿hängen,n,﻿hang
,﻿täuschen,n,﻿deceive
﻿täuschen,﻿tauschen,n,﻿deceive
,﻿kleben,n,﻿glue
,﻿lösen,n,﻿disjoin
,﻿bergen,n,﻿save
﻿einfallen,﻿fallen,y,﻿remember
﻿tröpfeln,﻿tropfen,n,﻿drip
,﻿scheiden,n,﻿divorce
﻿aufbringen,﻿bringen,y,﻿upset
,﻿klarieren,n,﻿clear
,﻿stillen,n,﻿allay
﻿aufrechnen,﻿rechnen,y,﻿acculumulate
﻿bestärken,﻿stärken,n,﻿encourage
﻿zumachen,﻿machen,y,﻿close
,﻿stimmen,n,﻿tune
﻿abkacken,﻿kacken,y,﻿die
,﻿weisen,n,﻿point
,﻿schließen,n,﻿shut
﻿auferstehen,﻿stehen,y,﻿rise
﻿ausfallen,﻿fallen,y,﻿fail
﻿abweisen,﻿weisen,y,﻿reject
,﻿hungern,n,﻿hunger
﻿verhungern,﻿hungern,n,﻿famish
,﻿verlinken,n,﻿link
,﻿stampfen,n,﻿stomp
﻿erwerben,﻿werben,n,﻿acquire
﻿aufdecken,﻿decken,y,﻿detect
﻿besiegen,﻿siegen,n,﻿beat
﻿anpassen,﻿passen,y,﻿adapt
,﻿zucken,n,﻿twitch
﻿verfluchen,﻿fluchen,n,﻿curse
﻿erlöschen,﻿löschen,n,﻿lapse
,﻿küren,n,﻿choose
﻿aufnehmen,﻿nehmen,y,﻿accept
﻿absenden,﻿senden,y,﻿forward
﻿verstecken,﻿stecken,n,﻿hide
,﻿leiten,n,﻿manage
,﻿schmähen,n,﻿detract
,﻿beißen,n,﻿bite
﻿zerstören,﻿stören,n,﻿destroy
﻿umstellen,﻿stellen,n,﻿surround
﻿entwerfen,﻿werfen,n,﻿design
﻿entfesseln,﻿fesseln,n,﻿unleash
﻿herstellen,﻿stellen,y,﻿produce
﻿benehmen,﻿nehmen,n,﻿behave
﻿aufgehen,﻿gehen,y,﻿open
,﻿stieben,n,﻿scatter
﻿verbinden,﻿binden,n,﻿bandage
﻿zustimmen,﻿stimmen,y,﻿agree
﻿entnehmen,﻿nehmen,n,﻿take
,﻿wählen,n,﻿choose
,﻿rinnen,n,﻿flow
﻿abbremsen,﻿bremsen,y,﻿retard
,﻿fangen,n,﻿bag
﻿verschmähen,﻿schmähen,n,﻿scorn
﻿abdichten,﻿dichten,y,﻿seal
,﻿stechen,n,﻿sting
﻿benützen,﻿nützen,n,﻿use
﻿entdecken,﻿decken,n,﻿discover
﻿spazieren gehen,﻿gehen,y,﻿walk
,﻿fesseln,n,﻿chain
﻿ergreifen,﻿greifen,n,﻿grab
﻿zuhören,﻿hören,y,﻿listen
﻿säugen,﻿saugen,n,﻿suckle
﻿verteilen,﻿teilen,n,﻿distribute
﻿erzählen,﻿zählen,n,﻿tell
,﻿trennen,n,﻿separate
﻿vergehen,﻿gehen,n,﻿pass
﻿bestimmen,﻿stimmen,n,﻿determine
,﻿senden,n,﻿send
﻿verbleiben,﻿bleiben,n,﻿remain
﻿beleben,﻿leben,n,﻿invigorate
,﻿steigen,n,﻿rise
,﻿meinen,n,﻿think
﻿erheben,﻿heben,n,﻿raise
﻿anschließen,﻿schließen,y,﻿affiliate
﻿einnehmen,﻿nehmen,y,﻿earn
﻿ausnehmen,﻿nehmen,y,﻿dress
,﻿passen,n,﻿fit
,﻿wickeln,n,﻿wrap
﻿aufwickeln,﻿wickeln,y,﻿wrap
﻿verfassen,﻿fassen,n,﻿indite
,﻿richten,n,﻿straighten
﻿aufrichten,﻿richten,y,﻿raise
﻿vermieten,﻿mieten,n,﻿let
,﻿fordern,n,﻿demand
﻿verehren,﻿ehren,n,﻿adore
,﻿transportieren,n,﻿transport
﻿überholen,﻿holen,n,﻿overtake
﻿besteigen,﻿steigen,n,﻿climb
﻿auspacken,﻿packen,y,﻿unpack
﻿verbringen,﻿bringen,n,﻿acquire
﻿beschädigen,﻿schädigen,n,﻿damage
﻿fortsetzen,﻿setzen,y,﻿continue
,﻿klatschen,n,﻿clap
,﻿zünden,n,﻿fire
,﻿seifen,n,﻿soaps
﻿bedienen,﻿dienen,n,﻿serve
,﻿bannen,n,﻿order
,﻿schicken,n,﻿send
,﻿drücken,n,﻿push
,﻿stecken,n,﻿put
﻿begehen,﻿gehen,n,﻿commit
﻿angreifen,﻿greifen,y,﻿attack
,﻿schützen,n,﻿protect
﻿versorgen,﻿sorgen,n,﻿provide
,﻿mischen,n,﻿mix
﻿aufheben,﻿heben,y,﻿abolish
,﻿scheinen,n,﻿shine
﻿abschließen,﻿schließen,y,﻿end
﻿entscheiden,﻿scheiden,n,﻿decide
,﻿schreiten,n,﻿stride
,﻿reißen,n,﻿write
,﻿tagen,n,﻿dawn
﻿weggehen,﻿gehen,y,﻿leave
﻿ansprechen,﻿sprechen,y,﻿address
,﻿schwatzen,n,﻿babble
,﻿isolieren,n,﻿insulate
﻿abdingen,﻿dingen,y,﻿cede
﻿vertreiben,﻿treiben,n,﻿banish
﻿ausstellen,﻿stellen,y,﻿exhibit
﻿anschauen,﻿schauen,y,﻿watch
,﻿spülen,n,﻿rinse
﻿behandeln,﻿handeln,y,﻿treat
﻿erbrechen,﻿brechen,n,﻿vomit
,﻿eilen,n,﻿hurry
,﻿dringen,n,﻿ooze
﻿vortäuschen,﻿täuschen,y,﻿pretend
﻿abbedingen,﻿bedingen,y,﻿waive
,﻿greifen,n,﻿grab
﻿abkommen,﻿kommen,y,﻿come
﻿aussortieren,﻿sortieren,y,﻿winnow
﻿vorkommen,﻿kommen,y,﻿advance
﻿enttäuschen,﻿täuschen,n,﻿disappoint
﻿anrufen,﻿rufen,y,﻿call
﻿bestrafen,﻿strafen,n,﻿punish
,﻿bedingen,n,﻿cause
﻿bedingen,﻿dingen,n,﻿cause
﻿unterstützen,﻿stützen,n,﻿support
,﻿streiten,n,﻿argue
﻿bedauern,﻿dauern,n,﻿deplore
,﻿warten,n,﻿wait
﻿beweisen,﻿weisen,n,﻿prove
,﻿ernten,n,﻿harvest
,﻿ruhen,n,﻿rest
,﻿bestellen,n,﻿order
﻿bestellen,﻿stellen,n,﻿order
﻿bemerken,﻿merken,n,﻿notice
,﻿harschen,n,﻿harshen
﻿verharschen,﻿harschen,n,﻿cake
﻿beachten,﻿achten,n,﻿notice
﻿anzeigen,﻿zeigen,y,﻿report
,﻿löschen,n,﻿extinguish
﻿verdienen,﻿dienen,n,﻿earn
﻿gehören,﻿hören,n,﻿belong
,﻿rühren,n,﻿move
,﻿vereinigen,n,﻿band
﻿vereinigen,﻿einigen,n,﻿band
,﻿haken,n,﻿hook
﻿beisetzen,﻿setzen,y,﻿entomb
﻿anweisen,﻿weisen,y,﻿instruct
﻿ausweisen,﻿weisen,y,﻿expel
﻿hinweisen,﻿weisen,y,﻿point
﻿erweisen,﻿weisen,n,﻿prove
﻿beibringen,﻿bringen,y,﻿produce
﻿beistehen,﻿stehen,y,﻿assist
﻿beitreten,﻿treten,y,﻿join
﻿unterrichten,﻿richten,n,﻿teach
,﻿klappen,n,﻿work
﻿verpachten,﻿pachten,n,﻿loan
﻿zulassen,﻿lassen,y,﻿tolerate
,﻿stören,n,﻿disturb
,﻿zielen,n,﻿aim
﻿mitteilen,﻿teilen,y,﻿inform
,﻿vollziehen,n,﻿execute
﻿betreten,﻿treten,n,﻿enter
,﻿vertrauen,n,﻿trust
﻿verwechseln,﻿wechseln,n,﻿confuse
﻿erzielen,﻿zielen,n,﻿achieve
﻿umfassen,﻿fassen,n,﻿grasp
﻿umschließen,﻿schließen,n,﻿surround
﻿vornehmen,﻿nehmen,y,﻿conduct
﻿verweisen,﻿weisen,n,﻿refer
,﻿zerren,n,﻿drag
﻿abwarten,﻿warten,y,﻿await
﻿ausdrücken,﻿drücken,y,﻿squeeze
﻿auskommen,﻿kommen,y,﻿manage
﻿erwarten,﻿warten,n,﻿abide
﻿überlassen,﻿lassen,n,﻿cede
﻿ablassen,﻿lassen,y,﻿surcease
﻿anlassen,﻿lassen,y,﻿start
﻿auflassen,﻿lassen,y,﻿launch
﻿auslassen,﻿lassen,y,﻿miss
﻿taufen,﻿tauchen,n,﻿baptize
﻿bewahren,﻿wahren,n,﻿keep
﻿umgehen,﻿gehen,n,﻿evade
﻿durchlassen,﻿lassen,y,﻿leak
﻿einlassen,﻿lassen,y,﻿insert
﻿abfertigen,﻿fertigen,y,﻿dispatch
﻿bedecken,﻿decken,n,﻿cover
﻿anrühren,﻿rühren,y,﻿touch
﻿gehorchen,﻿horchen,n,﻿obey
﻿belassen,﻿lassen,n,﻿leave
﻿bebauen,﻿bauen,n,﻿build
,﻿dichten,n,﻿seal
﻿erlassen,﻿lassen,n,﻿enact
,﻿vozieren,n,﻿summon
﻿zerstampfen,﻿stampfen,n,﻿mash
﻿herhören,﻿hören,y,﻿listen
﻿freilassen,﻿lassen,y,﻿free
﻿verpflegen,﻿pflegen,n,﻿feed
﻿ertrinken,﻿trinken,n,﻿drown
﻿verscharren,﻿scharren,n,﻿bury
,﻿erlangen,n,﻿attain
﻿bereiten,﻿reiten,n,﻿prepare
﻿abstellen,﻿stellen,y,﻿stop
﻿umbringen,﻿bringen,y,﻿kill
﻿behindern,﻿hindern,n,﻿hinder
,﻿horchen,n,﻿listen
﻿übernehmen,﻿nehmen,n,﻿overtake
﻿unterbrechen,﻿brechen,n,﻿disrupt
﻿besetzen,﻿setzen,n,﻿book
﻿bewerten,﻿werten,n,﻿evaluate
﻿ausmachen,﻿machen,y,﻿arrange
﻿untergehen,﻿gehen,y,﻿sink
,﻿achten,n,﻿respect
﻿betreiben,﻿treiben,n,﻿run
﻿einschließen,﻿schließen,y,﻿include
﻿hinnehmen,﻿nehmen,y,﻿take
﻿unterbinden,﻿binden,n,﻿stop
﻿vermeiden,﻿meiden,n,﻿avoid
﻿beantragen,﻿tragen,n,﻿propose
﻿abschlagen,﻿schlagen,y,﻿beat
﻿verzeihen,﻿zeihen,n,﻿forgive
﻿verfolgen,﻿folgen,n,﻿follow
﻿kennzeichnen,﻿kennen,n,﻿mark
﻿teilnehmen,﻿nehmen,y,﻿attend
﻿verschließen,﻿schließen,n,﻿lock
﻿austauschen,﻿tauschen,y,﻿exchange
﻿verfallen,﻿fallen,n,﻿expire
﻿aufmachen,﻿machen,y,﻿open
﻿klappern,﻿klappen,n,﻿clatter
﻿auffallen,﻿fallen,y,﻿notice
﻿ausrasten,﻿rasten,y,﻿unlatch
﻿übertreiben,﻿treiben,n,﻿exaggerate
,﻿speisen,n,﻿dine
﻿umbenennen,﻿benennen,y,﻿rename
﻿zurückzucken,﻿zucken,y,﻿recoil
,﻿mahnen,n,﻿dun
﻿aufdrängen,﻿drängen,y,﻿obtrude
,﻿starren,n,﻿stare
﻿einprägen,﻿prägen,y,﻿memorize
﻿anlächeln,﻿lächeln,y,﻿smile
﻿zerreißen,﻿reißen,n,﻿tear
﻿einweihen,﻿weihen,y,﻿inaugurate
﻿abrücken,﻿rücken,y,﻿dissociate
﻿auftakeln,﻿takeln,y,﻿rig
﻿abwerfen,﻿werfen,y,﻿unhorse
﻿eingreifen,﻿greifen,y,﻿interfere
﻿abwägen,﻿wägen,y,﻿weigh
﻿erleben,﻿leben,n,﻿experience
,﻿härten,n,﻿temper
﻿aufkleben,﻿kleben,y,﻿affix
﻿verpacken,﻿packen,n,﻿pack
,﻿kreuzen,n,﻿hybridize
,﻿flechten,n,﻿plait
,﻿zweifeln,n,﻿doubt
﻿abschicken,﻿schicken,y,﻿send
,﻿liefern,n,﻿deliver
﻿feststellen,﻿stellen,y,﻿note
﻿erstellen,﻿stellen,n,﻿create
﻿vorrücken,﻿rücken,y,﻿advance
,﻿spannen,n,﻿tighten
﻿erstechen,﻿stechen,n,﻿knife
,﻿warnen,n,﻿warn
﻿vermischen,﻿mischen,n,﻿mix
,﻿ordnen,n,﻿arrange
﻿verstreichen,﻿streichen,n,﻿spread
,﻿montieren,n,﻿install
﻿verordnen,﻿ordnen,n,﻿prescribe
﻿bedanken,﻿danken,n,﻿thank
,﻿deuten,n,﻿point
﻿anstehen,﻿stehen,y,﻿queue
﻿klingeln,﻿klingen,n,﻿ring
﻿abstützen,﻿stützen,y,﻿brace
﻿angehen,﻿gehen,y,﻿start
﻿andauern,﻿dauern,y,﻿continue
﻿ausschließen,﻿schließen,y,﻿banish
,﻿prägen,n,﻿emboss
﻿vermaledeien,﻿maledeien,n,﻿condemn
,﻿maledeien,n,﻿condemn
﻿wehtun,﻿tun,y,﻿hurt
﻿errichten,﻿richten,n,﻿build
,﻿bremsen,n,﻿brake
﻿verschreien,﻿schreien,n,﻿provoke
﻿aufweisen,﻿weisen,y,﻿feature
﻿einwickeln,﻿wickeln,y,﻿envelop
﻿anvertrauen,﻿vertrauen,y,﻿entrust
﻿aufwenden,﻿wenden,y,﻿expend
﻿aufkreuzen,﻿kreuzen,y,﻿come
﻿versammeln,﻿sammeln,n,﻿assemble
﻿aufprallen,﻿prallen,y,﻿thud
﻿bewerben,﻿werben,n,﻿apply
,﻿zischen,n,﻿hiss
﻿einspeisen,﻿speisen,y,﻿inject
﻿verfechten,﻿fechten,n,﻿advocate
﻿bewundern,﻿wundern,n,﻿admire
﻿hervorgehen,﻿gehen,y,﻿result
﻿umfangen,﻿fangen,n,﻿clasp
﻿entweihen,﻿weihen,n,﻿defile
﻿einmahnen,﻿mahnen,y,﻿ask
﻿befolgen,﻿folgen,n,﻿obey
﻿einimpfen,﻿impfen,y,﻿inculcate
,﻿drängen,n,﻿push
﻿einatmen,﻿atmen,y,﻿inhale
﻿ausatmen,﻿atmen,y,﻿exhale
﻿einschmeicheln,﻿schmeicheln,y,﻿ingratiate
﻿einbringen,﻿bringen,y,﻿introduce
﻿antreiben,﻿treiben,y,﻿urge
﻿einwirken,﻿wirken,y,﻿affect
﻿hinterfragen,﻿fragen,n,﻿question
﻿bezwingen,﻿zwingen,n,﻿beat
﻿betragen,﻿tragen,n,﻿come
﻿vorherrschen,﻿herrschen,y,﻿prevail
﻿zurückbilden,﻿bilden,y,﻿recede
,﻿blitzen,n,﻿flash
﻿versenden,﻿senden,n,﻿send
﻿beeilen,﻿eilen,n,﻿hurry
﻿entspringen,﻿springen,n,﻿spring
﻿abheben,﻿heben,y,﻿withdraw
﻿auswählen,﻿wählen,y,﻿select
﻿gefallen,﻿fallen,n,﻿please
﻿befestigen,﻿festigen,n,﻿affix
,﻿festigen,n,﻿tighten
,﻿schlucken,n,﻿swallow
﻿einbauen,﻿bauen,y,﻿install
,﻿strafen,n,﻿punish
﻿berichten,﻿richten,n,﻿report
﻿zurückgehen,﻿gehen,y,﻿return
﻿anfertigen,﻿fertigen,y,﻿create
,﻿fertigen,n,﻿craft
,﻿herrschen,n,﻿rule
﻿beherrschen,﻿herrschen,n,﻿monopolize
,﻿gründen,n,﻿found
﻿begründen,﻿gründen,n,﻿justify
﻿aufbauen,﻿bauen,y,﻿based
,﻿schmeicheln,n,﻿flatter
,﻿wahren,n,﻿interrupt
﻿versetzen,﻿setzen,n,﻿relocate
﻿berechnen,﻿rechnen,n,﻿calculate
,﻿komponieren,n,﻿compose
﻿ersetzen,﻿setzen,n,﻿replace
﻿begreifen,﻿greifen,n,﻿understand
﻿aussetzen,﻿setzen,y,﻿expose
,﻿sorgen,n,﻿care
﻿entsorgen,﻿sorgen,n,﻿dispose
﻿besorgen,﻿sorgen,n,﻿get
﻿bewirken,﻿wirken,n,﻿cause
,﻿mieten,n,﻿rent
﻿eröffnen,﻿öffnen,n,﻿open
﻿vorschlagen,﻿schlagen,y,﻿propose
﻿abholen,﻿holen,y,﻿collect
﻿wiedererlangen,﻿erlangen,y,﻿regain
﻿zurücktreten,﻿treten,y,﻿resign
﻿einschlagen,﻿schlagen,y,﻿gouge
﻿verlaufen,﻿laufen,n,﻿stray
﻿zusagen,﻿sagen,y,﻿promise
﻿ausdehnen,﻿dehnen,y,﻿expand
﻿fortgehen,﻿gehen,y,﻿continue
﻿entkommen,﻿kommen,n,﻿escape
﻿zurückweisen,﻿weisen,y,﻿refuse
﻿deklarieren,﻿klarieren,n,﻿declare
﻿verkommen,﻿kommen,n,﻿decay
﻿auffassen,﻿fassen,y,﻿understand
﻿entheben,﻿heben,n,﻿relieve
﻿aushandeln,﻿handeln,y,﻿negotiate
﻿verhandeln,﻿handeln,n,﻿negotiate
﻿mitnehmen,﻿nehmen,y,﻿keep
,﻿takeln,n,﻿rig
﻿durchbrechen,﻿brechen,y,﻿appear
﻿abzeichnen,﻿zeichnen,y,﻿copy
,﻿nützen,n,﻿use
,﻿interpretieren,n,﻿interpret
﻿zerkauen,﻿kauen,n,﻿chew
﻿überleben,﻿leben,n,﻿survive
﻿einkaufen,﻿kaufen,y,﻿buy
,﻿fürchten,n,﻿fear
﻿beklatschen,﻿klatschen,n,﻿applaud
,﻿meiden,n,﻿avoid
﻿unterstellen,﻿stellen,n,﻿subordinate
﻿unterlassen,﻿lassen,n,﻿stop
﻿verankern,﻿ankern,n,﻿anchor
,﻿wecken,n,﻿wake
,﻿knutschen,n,﻿snog
,﻿tropfen,n,﻿drip
﻿überfliegen,﻿fliegen,n,﻿skim
﻿entpacken,﻿packen,n,﻿unpack
﻿anhaben,﻿haben,y,﻿wear
,﻿spüren,n,﻿feel
,﻿stärken,n,﻿strengthen
﻿provozieren,﻿vozieren,n,﻿provoke
﻿bewohnen,﻿wohnen,n,﻿inhabit
,﻿konstruieren,n,﻿design
﻿überweisen,﻿weisen,n,﻿transfer
﻿aushärten,﻿härten,y,﻿harden
﻿beschützen,﻿schützen,n,﻿protect
,﻿rasten,n,﻿rest
﻿verkürzen,﻿kürzen,n,﻿shorten
﻿linken,﻿verlinken,n,﻿cheat
﻿auserkiesen,﻿erkiesen,y,﻿choose
,﻿pachten,n,﻿lease
﻿zerreiben,﻿reiben,n,﻿bray
﻿vermessen,﻿messen,n,﻿survey
﻿aufwerten,﻿werten,y,﻿appreciate
﻿abwerten,﻿werten,y,﻿devalue
,﻿werten,n,﻿rate
﻿entgehen,﻿gehen,n,﻿evade
﻿zischeln,﻿zischen,y,﻿whisper
﻿nachvollziehen,﻿vollziehen,y,﻿understand
,﻿rosten,n,﻿rust
﻿aufwecken,﻿wecken,y,﻿awake
﻿beschickern,﻿schickern,y,﻿get
﻿entleihen,﻿leihen,n,﻿borrow
﻿anzweifeln,﻿zweifeln,y,﻿doubt
﻿bekennen,﻿kennen,n,﻿confess
﻿verschwimmen,﻿schwimmen,n,﻿blur
﻿wegmachen,﻿machen,y,﻿remove
﻿fällen,﻿fallen,n,﻿fell
﻿verstärken,﻿stärken,n,﻿invigorate
,﻿spotten,n,﻿scoff
,﻿färben,n,﻿dye
,﻿kürzen,n,﻿shorten
,﻿ankern,n,﻿anchor
,﻿klicken,n,﻿click
,﻿dauern,n,﻿last
,﻿impfen,n,﻿vaccinate
﻿unterdrücken,﻿drücken,n,﻿oppress
﻿ausbauen,﻿bauen,y,﻿remove
﻿hinreißen,﻿reißen,y,﻿enrapture
﻿anbauen,﻿bauen,y,﻿grow
﻿dämpfen,﻿dampfen,n,﻿steam
﻿andeuten,﻿deuten,y,﻿hint
﻿einschätzen,﻿schätzen,y,﻿assess
﻿verwandeln,﻿wandeln,n,﻿transmute
﻿auszeichnen,﻿zeichnen,y,﻿award
﻿vernehmen,﻿nehmen,n,﻿hear
﻿ersuchen,﻿suchen,n,﻿request
﻿beliefern,﻿liefern,n,﻿provide
,﻿sichern,n,﻿safeguard
﻿umsteigen,﻿steigen,y,﻿change
﻿unterzeichnen,﻿zeichnen,n,﻿sign
﻿ausrechnen,﻿rechnen,y,﻿calculate
﻿besagen,﻿sagen,n,﻿mean
﻿verspotten,﻿spotten,n,﻿ridicule
,﻿einigen,n,﻿unite
﻿ersorgen,﻿sorgen,n,﻿await
﻿befürchten,﻿fürchten,n,﻿fear
,﻿sortieren,n,﻿sort
﻿einsteigen,﻿steigen,y,﻿board
﻿sprengen,﻿springen,n,﻿spray
,﻿schädigen,n,﻿harm
,﻿zehren,n,﻿tear
,﻿wundern,n,﻿surprise
﻿aufschlagen,﻿schlagen,y,﻿open
﻿einseifen,﻿seifen,y,﻿soap
﻿verschlafen,﻿schlafen,n,﻿oversleep
﻿umbestellen,﻿bestellen,y,﻿cultivate
﻿ausschlagen,﻿schlagen,y,﻿dislodge
﻿widerstehen,﻿stehen,n,﻿resist
,﻿hätscheln,n,﻿fondle
﻿vorhaben,﻿haben,y,﻿intend
﻿anschicken,﻿schicken,y,﻿prepare
,﻿benennen,n,﻿name
﻿benennen,﻿nennen,n,﻿name
﻿entzünden,﻿zünden,n,﻿ignite
,﻿zeihen,n,﻿accuse
﻿entfallen,﻿fallen,n,﻿fall
﻿erhören,﻿hören,n,﻿grant
﻿übersiedeln,﻿siedeln,y,﻿move
﻿überfallen,﻿fallen,n,﻿invade
﻿versichern,﻿sichern,n,﻿insure
﻿anstarren,﻿starren,y,﻿stare
,﻿sperren,n,﻿block
﻿einsperren,﻿sperren,y,﻿cage
﻿hervorheben,﻿heben,y,﻿emphasize
﻿aushebeln,﻿hebeln,y,﻿lever
,﻿hebeln,n,﻿lever
﻿absprechen,﻿sprechen,y,﻿deny
﻿verprügeln,﻿prügeln,y,﻿thrash
﻿abfeuern,﻿feuern,y,﻿fire
﻿vorschießen,﻿schießen,y,﻿advance
﻿abschöpfen,﻿schöpfen,y,﻿skim
﻿verstimmen,﻿stimmen,n,﻿annoy
﻿verhätscheln,﻿hätscheln,n,﻿pamper
﻿beantworten,﻿antworten,n,﻿answer
﻿besingen,﻿singen,n,﻿honour
﻿versteigern,﻿steigern,n,﻿auction
﻿anfechten,﻿fechten,y,﻿appeal
,﻿stützen,n,﻿support
﻿erlesen,﻿lesen,n,﻿select
﻿vertagen,﻿tagen,n,﻿delay
﻿beschicken,﻿schicken,n,﻿load
﻿erleiden,﻿leiden,n,﻿incur
﻿beschimpfen,﻿schimpfen,n,﻿abuse
﻿einwerben,﻿werben,y,﻿funding
﻿verwählen,﻿wählen,n,﻿misdial
﻿beschmieren,﻿schmieren,n,﻿spread
﻿anfeuern,﻿feuern,y,﻿cheer
﻿auftauchen,﻿tauchen,y,﻿emerge
﻿fremdgehen,﻿gehen,y,﻿cheat
﻿umlaufen,﻿laufen,y,﻿circulate
﻿anklagen,﻿klagen,y,﻿accuse
﻿bescheißen,﻿scheißen,n,﻿screw
﻿abhaken,﻿haken,y,﻿forget
﻿herabsetzen,﻿setzen,y,﻿abate
﻿zerstieben,﻿stieben,n,﻿disperse
﻿anbeten,﻿beten,y,﻿worship
﻿erfreuen,﻿freuen,n,﻿enjoy
,﻿weihen,n,﻿consecrate
﻿einteilen,﻿teilen,y,﻿divide
,﻿steigern,n,﻿increase
﻿steigern,﻿steigen,n,﻿increase
﻿durchsuchen,﻿suchen,n,﻿search
﻿ausrüsten,﻿rüsten,y,﻿equip
﻿einzeichnen,﻿zeichnen,y,﻿mark
﻿verbrauchen,﻿brauchen,n,﻿consume
﻿ergründen,﻿gründen,n,﻿determine
﻿verzehren,﻿zehren,n,﻿consume
﻿ablösen,﻿lösen,y,﻿remove
,﻿schickern,n,﻿drink
﻿erlösen,﻿lösen,n,﻿rescue
﻿zurechtkommen,﻿kommen,y,﻿cope
﻿austreten,﻿treten,y,﻿resign
﻿abisolieren,﻿isolieren,y,﻿strip
,﻿wringen,n,﻿wring
﻿absichern,﻿sichern,y,﻿guarantee
﻿verbannen,﻿bannen,n,﻿banish
﻿abernten,﻿ernten,y,﻿harvest
﻿abfliegen,﻿fliegen,y,﻿depart
﻿demontieren,﻿montieren,n,﻿dismantle
﻿abfangen,﻿fangen,y,﻿intercept
﻿abstillen,﻿stillen,y,﻿wean
﻿abfärben,﻿färben,y,﻿run
,﻿driften,n,﻿drift
﻿abtransportieren,﻿transportieren,y,﻿remove
﻿umreiten,﻿reiten,n,﻿ring
,﻿würgen,n,﻿choke
﻿anrichten,﻿richten,y,﻿perpetrate
﻿ausbilden,﻿bilden,y,﻿educate
﻿entehren,﻿ehren,n,﻿dishonor
﻿umwandeln,﻿wandeln,y,﻿transform
﻿nachweisen,﻿weisen,y,﻿prove
﻿vorzeigen,﻿zeigen,y,﻿show
﻿schlachten,﻿schlagen,n,﻿butcher
﻿anbeißen,﻿beißen,y,﻿bite
﻿erschießen,﻿schießen,n,﻿shoot
﻿verstellen,﻿stellen,n,﻿block
﻿ausliefern,﻿liefern,y,﻿extradite
﻿überlaufen,﻿laufen,y,﻿overflow
﻿beklagen,﻿klagen,n,﻿complain
﻿erwägen,﻿wägen,n,﻿consider
,﻿schrumpfen,n,﻿shrink
﻿erfordern,﻿fordern,n,﻿require
,﻿feuern,n,﻿fire
﻿aufschließen,﻿schließen,y,﻿unlock
﻿zuschließen,﻿schließen,y,﻿lock
,﻿scharren,n,﻿scrape
﻿rekonstruieren,﻿konstruieren,n,﻿reconstruct
﻿verdreschen,﻿dreschen,n,﻿thrash
﻿erbauen,﻿bauen,n,﻿build
﻿abwürgen,﻿würgen,y,﻿stall
﻿widersetzen,﻿setzen,n,﻿resist
﻿voranbringen,﻿bringen,y,﻿advance
﻿durchmachen,﻿machen,y,﻿undergo
﻿gutheißen,﻿heißen,y,﻿approve
,﻿komplizieren,n,﻿complicate
﻿fehlinterpretieren,﻿interpretieren,y,﻿misinterpret
﻿verschlucken,﻿schlucken,n,﻿swallow
﻿aufblitzen,﻿blitzen,y,﻿flash
﻿verwerfen,﻿werfen,n,﻿erase
﻿eislaufen,﻿laufen,y,﻿skate
﻿mitgehen,﻿gehen,y,﻿accompany
﻿lobhudeln,﻿loben,n,﻿adulate
﻿umwerfen,﻿werfen,y,﻿stun
﻿erzwingen,﻿zwingen,n,﻿force
,﻿zedieren,n,﻿assign
﻿zusammenbrechen,﻿brechen,y,﻿collapse
﻿einwechseln,﻿wechseln,y,﻿exchange
﻿wegwerfen,﻿werfen,y,﻿discard
﻿aufrechterhalten,﻿erhalten,y,﻿maintain
﻿durchlaufen,﻿laufen,y,﻿pass
﻿verzerren,﻿zerren,n,﻿distort
﻿drängeln,﻿drängen,n,﻿push
﻿zustellen,﻿stellen,y,﻿block
﻿zubringen,﻿bringen,y,﻿bring
﻿entspannen,﻿spannen,n,﻿relax
﻿bestreiten,﻿streiten,n,﻿deny
,﻿prallen,n,﻿collide
﻿zerfließen,﻿fließen,n,﻿melt
,﻿wägen,n,﻿weigh
﻿knautschen,﻿knutschen,n,﻿crumple
﻿zupacken,﻿packen,y,﻿grab
﻿verklagen,﻿klagen,n,﻿sue
﻿dekomponieren,﻿komponieren,n,﻿decompose
﻿erwecken,﻿wecken,n,﻿arouse
﻿gesundschrumpfen,﻿schrumpfen,y,﻿rightsize
﻿verhängen,﻿hängen,n,﻿cover
﻿zurückschicken,﻿schicken,y,﻿return
﻿herbeirufen,﻿rufen,y,﻿call
﻿abtrennen,﻿trennen,y,﻿separate
﻿bepissen,﻿pissen,n,﻿bepiss
﻿überschreiten,﻿schreiten,n,﻿exceed
﻿anklicken,﻿klicken,y,﻿click
﻿bescheinen,﻿scheinen,n,﻿shine
,﻿siedeln,n,﻿settle
﻿entflechten,﻿flechten,n,﻿detangle
,﻿erkunden,n,﻿explore
﻿wegschmeißen,﻿schmeißen,y,﻿discard
﻿unterspülen,﻿spülen,n,﻿undermine
﻿auswringen,﻿wringen,y,﻿wring
﻿erküren,﻿küren,n,﻿choose
,﻿röten,n,﻿redden
﻿verheißen,﻿heißen,n,﻿promise
﻿voraussetzen,﻿setzen,y,﻿presume
﻿wiedervereinigen,﻿vereinigen,y,﻿reunify
﻿verkomplizieren,﻿komplizieren,n,﻿complicate
﻿entfliehen,﻿fliehen,n,﻿escape
﻿fertigstellen,﻿stellen,y,﻿accomplish
﻿verrosten,﻿rosten,n,﻿rust
﻿verwarnen,﻿warnen,n,﻿warn
﻿erwürgen,﻿würgen,n,﻿choke
﻿durchnehmen,﻿nehmen,y,﻿do
﻿köcheln,﻿kochen,y,﻿simmer
﻿beregnen,﻿regnen,n,﻿water
﻿verheilen,﻿heilen,n,﻿heal
﻿aufatmen,﻿atmen,y,﻿recover
﻿zergehen,﻿gehen,n,﻿melt
﻿aufzählen,﻿zählen,y,﻿list
﻿ausschimpfen,﻿schimpfen,y,﻿berate
﻿zurechtweisen,﻿weisen,y,﻿reprimand
﻿auskotzen,﻿kotzen,y,﻿vent
